id,img,name
1,../img/lbydb-img/1 (1).jpg,美泰/MATTEL
2,../img/lbydb-img/1 (2).jpg,贝恩施
3,../img/lbydb-img/1 (3).jpg,乐乐趣
4,../img/lbydb-img/1 (4).jpg,费雪/Fisher-Price
5,../img/lbydb-img/1 (5).jpg,小猪佩奇
6,../img/lbydb-img/1 (6).jpg,伟易达/vtech
7,../img/lbydb-img/1 (7).jpg,奥迪双钻/AULDEY
8,../img/lbydb-img/1 (8).jpg,皇室
9,../img/lbydb-img/1 (9).jpg,华阳文化
10,../img/lbydb-img/1 (10).jpg,绘儿乐/Crayola
11,../img/lbydb-img/1 (11).jpg,青沐鱼/Green Mu Fish
12,../img/lbydb-img/1 (12).jpg,日康
13,../img/lbydb-img/1 (13).jpg,THOMAS&amp;FRIENDS/托马斯&amp;朋友
14,../img/lbydb-img/1 (14).jpg,MiDeer弥鹿
15,../img/lbydb-img/1 (15).jpg,得力/DELI
16,../img/lbydb-img/1 (16).jpg,马培德/maped
17,../img/lbydb-img/1 (17).jpg,澳贝
18,../img/lbydb-img/1 (18).jpg,优彼
19,../img/lbydb-img/1 (19).jpg,啵乐乐
20,../img/lbydb-img/1 (20).jpg,pororo/宝露露
21,../img/lbydb-img/1 (21).jpg,芭比/Barbie
22,../img/lbydb-img/1 (22).jpg,火火兔
23,../img/lbydb-img/1 (23).jpg,风火轮
