id,img,include,price,xiaoliang,zonghe
1,../img/lby-img/1 (1).jpg,特卖 贝恩施儿童画板彩色磁性画板写字板小黑板宝宝涂鸦画画玩具1-3岁,19.90 ,322,78
2,../img/lby-img/1 (2).jpg,贝恩施儿童画板彩色磁性画板写字板小黑板宝宝涂鸦画画玩具1-3岁,25.90 ,982,70
3,../img/lby-img/1 (3).jpg,贝恩施托马斯儿童画板磁性写字板涂鸦板1-3岁宝宝彩色画画板小黑板,25.00 ,440,125
4,../img/lby-img/1 (4).jpg,贝恩施托马斯儿童画板磁性写字板涂鸦板1-3岁宝宝彩色画画板小黑板中号,29.00 ,530,103
5,../img/lby-img/1 (5).jpg,贝恩施 婴幼儿八音阶手敲琴益智音乐玩具1-3岁,29.90 ,174,126
6,../img/lby-img/1 (6).jpg,贝恩施 婴幼宝宝玩具打地鼠益智敲击果虫男孩女孩玩具1-3岁,49.90 ,919,32
7,../img/lby-img/1 (7).jpg,【领券立减10元】贝恩施儿童画板画架双面磁性写字板玩具宝宝彩色涂鸦支架式小黑板送,49.00 ,5,124
8,../img/lby-img/1 (8).jpg,得力水彩笔可水洗彩色笔幼儿园宝宝12/18/24/36色彩笔绘画安全放心学生用品,39.00 ,381,97
9,../img/lby-img/1 (9).jpg,全12册幼儿童学画画书宝宝绘画本填色书儿童简笔画大全涂色本幼儿园教材图画本少儿童幼儿绘画启蒙教材早教书,39.00 ,643,78
10,../img/lby-img/1 (10).jpg,赠送蜡笔 公主百变涂色秀全套6册 美少女涂色书3-6-8岁女孩宝宝学画画本 小公主填色涂鸦本绘画幼儿启蒙早教儿童书幼儿园,28.00 ,575,107
11,../img/lby-img/1 (11).jpg,贝恩施 儿童画画板磁性彩色写字板绘画板小黑板宝宝涂鸦板学习玩具1-3岁,28.50 ,312,124
12,../img/lby-img/1 (12).jpg,全套10册【送蜡笔】宝宝涂色涂鸦益智动脑 美术画画书 送蜡笔 涂画书 早教启蒙绘本 情商培养故事书儿童书,178.50 ,81,92
13,../img/lby-img/1 (13).jpg,贝恩施 儿童写字板彩色卡通绘画早教益智2-6岁,178.00 ,837,22
14,../img/lby-img/1 (14).jpg,【买即送大礼包】贝恩施幼儿童画画板磁性宝宝写字板婴儿小黑板1-2-3岁涂画,12.00 ,482,148
15,../img/lby-img/1 (15).jpg,贝恩施儿童画板画架双面磁性写字板玩具宝宝彩色涂鸦支架式小黑板送大礼包,12.80 ,41,191
16,../img/lby-img/1 (16).jpg,贝恩施 儿童宝宝大号水写布彩色神奇涂鸦毯2-6岁,20.80 ,698,108
17,../img/lby-img/1 (17).jpg,贝恩施 儿童画画板磁性写字板宝宝婴儿小玩具1-3岁幼儿彩色超大号涂鸦板,20.00 ,941,86
18,../img/lby-img/1 (18).jpg,【开学礼物】】贝恩施 儿童画画本水画册 宝宝涂鸦填色本涂色书绘画本图画本3-6岁,25.00 ,763,94
19,../img/lby-img/1 (19).jpg,【两本装】贝恩施 儿童画画本水画册宝宝涂鸦填色本涂色书绘画本图画本3-6岁,25.80 ,510,117
20,../img/lby-img/1 (20).jpg,宝宝爱画画6册 赠蜡笔 幼儿涂色涂鸦启蒙绘本 早教启蒙画画书,39.80 ,17,137
21,../img/lby-img/1 (21).jpg,宝宝涂鸦世界12册 2-6岁小朋友的绘画入门书 早教启蒙励志书 画画书 提升智能,39.00 ,83,129
22,../img/lby-img/1 (22).jpg,日康小太阳摇铃,19.00 ,140,166
23,../img/lby-img/1 (23).jpg,【开学礼物】贝恩施 儿童画画本水画册 宝宝涂鸦填色本涂色书绘画本图画本3-6岁,19.90 ,62,171
24,../img/lby-img/1 (24).jpg, 皇室 儿童画板磁性大画家板圣诞礼物 2岁以上,39.90 ,970,44
25,../img/lby-img/1 (25).jpg,贝恩施 熊出没玩具套装公仔熊大熊二光头强电锯电动玩具枪声光儿童仿真枪,39.00 ,160,118
26,../img/lby-img/1 (26).jpg, 皇室 宝宝趣味迷你卡车 儿童小孩宝宝玩具 /警车/ 消防车/ 水泥车/迷你,22.00 ,156,153
27,../img/lby-img/1 (27).jpg,阿李罗火火兔智能电子摇铃宝宝新生儿婴幼儿玩具,22.90 ,364,134
28,../img/lby-img/1 (28).jpg, 皇室 宝宝趣味迷你小汽车组 儿童小孩惯性小车警车玩具 婴儿宝宝玩具,189.90 ,786,21
29,../img/lby-img/1 (29).jpg, 皇室 宝宝趣味迷你小汽车组合惯性小车玩具,189.00 ,268,67
30,../img/lby-img/1 (30).jpg, 皇室 仿真厨房切切乐 儿童过家家玩具套装（大）,49.00 ,579,69
31,../img/lby-img/1 (31).jpg, 皇室 儿童玩具 趣味鼠标 宝宝玩具 10个月以上,49.00 ,682,60
32,../img/lby-img/1 (32).jpg, 皇室 仿真厨房切切乐 儿童过家家玩具套装（小）,45.00 ,162,110
33,../img/lby-img/1 (33).jpg,贝恩施儿童液晶画板手写板家用画板电子黑板宝宝涂鸦板绘画写字板,45.00 ,238,104
34,../img/lby-img/1 (34).jpg,贝恩施 儿童沙滩玩具车挖沙戏水工程车挖掘机,19.00 ,867,103
35,../img/lby-img/1 (35).jpg,贝恩施 益智玩具 仿真梦幻迷你梳妆台套装3岁+,19.89 ,265,150
36,../img/lby-img/1 (36).jpg,贝恩施【19个月+】儿童手拍鼓带音乐早教益智,55.89 ,129,102
37,../img/lby-img/1 (37).jpg,贝恩施儿童画板液晶涂鸦板宝宝益智小黑写字板早教玩具可充电,55.00 ,728,49
38,../img/lby-img/1 (38).jpg,贝恩施 熊出没玩具套装公仔熊大熊二光头强电锯电动玩具枪声光儿童仿真枪,19.00 ,971,91
39,../img/lby-img/1 (39).jpg,贝恩施 婴儿玩具新生儿牙胶摇铃礼盒8件套0-1岁,19.90 ,734,106
40,../img/lby-img/1 (40).jpg,贝恩施 儿童画画板磁性写字板宝宝婴儿小玩具1-3岁幼儿彩色超大号涂鸦板,28.90 ,819,78
41,../img/lby-img/1 (41).jpg,贝恩施 儿童过家家厨房玩具糖果车带灯光音乐,28.80 ,50,154
42,../img/lby-img/1 (42).jpg,得力刮画纸8K炫彩刮画纸绘图纸绘画纸10张,26.80 ,576,110
43,../img/lby-img/1 (43).jpg,幼儿园美术大画册益智游戏画画书4册 送蜡笔,26.90 ,165,138
44,../img/lby-img/1 (44).jpg,贝恩施儿童画板液晶涂鸦板宝宝益智小黑写字板早教玩具,19.90 ,595,122
45,../img/lby-img/1 (45).jpg,贝恩施 儿童彩色磁性多功能语音画板写字板1-3岁,19.89 ,520,131
46,../img/lby-img/1 (46).jpg,【声音很好听】日康婴儿手摇铃新生宝宝摇铃玩具0-3岁益智开发大脑无味安全3645,79.89 ,377,74
47,../img/lby-img/1 (47).jpg,日康小太阳摇铃,79.90 ,700,45
48,../img/lby-img/1 (48).jpg,日康婴儿早教小摇铃（单个装）,16.90 ,292,155
49,../img/lby-img/1 (49).jpg,马培德 儿童绘画蜡笔画笔塑料蜡笔,16.00 ,877,104
50,../img/lby-img/1 (50).jpg,马培德 6色装学生彩色荧光标记笔记号笔划线笔,29.00 ,755,81
51,../img/lby-img/1 (51).jpg,马培德 12色18色24色水彩笔儿童彩色画笔,29.90 ,138,133
52,../img/lby-img/1 (52).jpg,青沐鱼 婴幼儿早教学习玩具 多功能可爱折叠早教学习机,119.90 ,124,87
53,../img/lby-img/1 (53).jpg,3C认证快乐动物农场音乐琴宝宝启蒙教育玩具,119.00 ,22,102
54,../img/lby-img/1 (54).jpg,会叫爸爸妈妈 婴幼儿爬行玩具会唱歌电动爬娃0-3岁宝宝玩具,49.00 ,711,55
55,../img/lby-img/1 (55).jpg,3C认证快乐动物农场音乐琴 宝宝启蒙教育玩具,49.00 ,879,37
56,../img/lby-img/1 (56).jpg,得力36色水彩笔画笔套装儿童彩笔安全幼儿园可水洗初学者手绘彩笔,49.00 ,949,32
57,../img/lby-img/1 (57).jpg,【贝贝年货节】新款迷你兔竖耳朵兔子早教故事机,49.00 ,618,65
58,../img/lby-img/1 (58).jpg,澳贝玩具正品 生活体验馆 婴幼儿早教益智玩具游戏台,89.00 ,453,66
59,../img/lby-img/1 (59).jpg,包邮MiDeer弥鹿宝宝儿童神奇万花筒多棱镜玩具怀旧小学生科学创意,89.00 ,612,53
60,../img/lby-img/1 (60).jpg,【模拟驾驶】auby澳贝正品动感驾驶室 儿童方向盘男孩早教玩具,79.00 ,193,90
61,../img/lby-img/1 (61).jpg,费雪 探索学习六面盒CMY28 音乐形状早教益智儿童亲子 婴儿玩具,79.90 ,244,82
62,../img/lby-img/1 (62).jpg,费雪踢踏钢琴健身架玩具琴健身器W2621,49.90 ,51,116
63,../img/lby-img/1 (63).jpg,费雪 趣味互动方向盘双语 宝宝早教玩具 x6157,49.00 ,608,67
64,../img/lby-img/1 (64).jpg,MiDeer弥鹿投影游戏经典故事,98.00 ,76,101
65,../img/lby-img/1 (65).jpg,伟易达儿童英文字母学习玩具车字母巴士,98.00 ,882,21
66,../img/lby-img/1 (66).jpg, pororo/啵乐乐 儿童宝宝迷你彩色画笔水彩笔24色,39.00 ,674,77
67,../img/lby-img/1 (67).jpg,Vtech伟易达学爬布布熊婴幼儿学爬玩具电动爬行小熊毛绒6-24个月,39.00 ,630,79
68,../img/lby-img/1 (68).jpg,Vtech伟易达学习智立方游戏桌宝宝学习桌,39.00 ,477,93
69,../img/lby-img/1 (69).jpg,费雪Fisher Price 小可爱曲奇罐双语 宝宝玩具 V8725,39.00 ,693,73
70,../img/lby-img/1 (70).jpg,小猪佩奇 粉红猪小妹过家家玩具公主魔塔,39.00 ,998,42
71,../img/lby-img/1 (71).jpg,费雪宝宝趣味双语篮球架儿童篮球架可升降 篮球框投篮架玩具X6158,39.00 ,872,54
72,../img/lby-img/1 (72).jpg,托马斯和朋友 电动系列幽灵探险之旅套装 BMF09,119.00 ,981,9
73,../img/lby-img/1 (73).jpg,小猪佩奇Peppa Pig佩佩猪过家家男孩女孩玩具伙伴公仔,119.00 ,496,56
74,../img/lby-img/1 (74).jpg,乐吉儿炫彩首饰盒 儿童手工串珠材料穿珠子diy手链 女孩益智玩具,12.00 ,101,182
75,../img/lby-img/1 (75).jpg,伟易达点触学习桌儿童多用学习桌,12.90 ,212,166
76,../img/lby-img/1 (76).jpg,费雪 活动小海龟(双语版) 宝宝学习早教玩具 P8016,49.90 ,329,84
77,../img/lby-img/1 (77).jpg,费雪智玩宝宝双语学习桌婴儿多功能游戏桌DWN37宝宝早教益智玩具,49.00 ,870,40
78,../img/lby-img/1 (78).jpg,费雪 探索学习小狮子（双语） 音乐玩具 婴儿玩具玩偶 BFH66,45.00 ,223,105
79,../img/lby-img/1 (79).jpg,费雪 探索学习小魔方BFH80 早教益智玩具 礼物,45.00 ,718,63
80,../img/lby-img/1 (80).jpg,托马斯和朋友之投影托马斯BCX70,39.00 ,93,127
81,../img/lby-img/1 (81).jpg,小猪佩奇Peppa Pig粉红猪小妹过家家玩具玫瑰园魔塔,39.00 ,764,63
82,../img/lby-img/1 (82).jpg,费雪 智玩学习小火车(英文版) BHC29,14.00 ,770,115
83,../img/lby-img/1 (83).jpg,fisherprice费雪智玩学习环游巴士早教益智玩具,14.90 ,847,110
84,../img/lby-img/1 (84).jpg,乐乐趣 儿童多元创意魔法涂鸦书-神秘怪兽,29.90 ,501,102
85,../img/lby-img/1 (85).jpg,优彼好思维幼儿童逻辑学习早教机,29.90 ,691,86
86,../img/lby-img/1 (86).jpg,小猪佩奇Peppa Pig佩佩猪过家家玩具玩偶配件,109.90 ,124,92
87,../img/lby-img/1 (87).jpg,费雪 拍打小乐队 音乐玩具 手敲琴宝宝玩具 婴儿益智玩具 BFH93,109.00 ,85,97
88,../img/lby-img/1 (88).jpg,小猪佩奇 粉红猪小妹儿童过家家玩具 教室套装,68.00 ,365,78
89,../img/lby-img/1 (89).jpg,2017年新品费雪探索学习毛毛虫DKT39 智能机器益智早教 儿童玩具,68.00 ,162,95
90,../img/lby-img/1 (90).jpg,小猪佩奇Peppa Pig 过家家公仔套装5只装,19.00 ,244,155
91,../img/lby-img/1 (91).jpg,费雪皮皮学习方向盘（双语）宝宝早教玩具DPB03生日礼物,19.80 ,747,111
92,../img/lby-img/1 (92).jpg,费雪fisher-price声光敲击小狮子 宝宝音乐儿童早教益智玩具P8792,26.80 ,392,121
93,../img/lby-img/1 (93).jpg,费雪小动物学习书（双语）宝宝音乐玩具 儿童早教益智玩具 BFH81,26.90 ,375,122
94,../img/lby-img/1 (94).jpg, pororo/啵乐乐 儿童无毒可水洗水彩画笔 水彩笔套装 儿童绘画文具 蜡笔套装 彩笔套装,20.90 ,51,168
95,../img/lby-img/1 (95).jpg,沙画套装卡乐优儿童手工彩沙diy胶画礼盒彩色细砂填色画小孩沙画,20.80 ,678,112
96,../img/lby-img/1 (96).jpg,费雪探索学习桌中英文双语BFH63儿童玩具游戏桌,25.80 ,937,77
97,../img/lby-img/1 (97).jpg,费雪海底小纵队独角鲸艇极地探险套装BDL93宝宝儿童过家家男孩玩具,25.00 ,112,155
98,../img/lby-img/1 (98).jpg,费雪小狗皮皮学习桌多功能双语学习桌BJV34,27.90 ,869,78
